RUNAWAY_RELATIONSHIP ID,RUNAWAY_RELATIONSHIP LEFT_RUNAWAY_ID,RUNAWAY_RELATIONSHIP RIGHT_RUNAWAY_ID,RUNAWAY_RELATIONSHIP LEFT_KINSHIP,RUNAWAY_RELATIONSHIP RIGHT_KINSHIP,RUNAWAY_RELATIONSHIP VISIBLE
cedc425f-2fcb-4c9a-a152-1cd46714073f,24f3626d-810f-414b-bee1-fa55d9556dc2,74957817-662d-48d4-a06c-417696900b72,Father,Son,true
cb414dee-6ddb-4914-bd90-fa7f7095104a,f374f489-4e9d-44df-a455-e30591d76692,74957817-662d-48d4-a06c-417696900b72,Mother,Son,true
9615e14f-37a4-48bf-8a34-a3e7da6d33ab,96a3a59e-2b66-441d-8e00-6880a4adbcf9,da2e541f-b6d8-42fd-875e-07b63af2f020,Father,Daughter,true
1802749f-9965-406d-8006-8b2b42ee18ce,b7c5d37d-1e9c-4cf2-81ce-367f003fb640,ac5feac1-6821-413c-aaae-267dae34a32f,Sister,Sister,true
a9f5ea08-f253-4b4b-beec-c4ec8bbc6ba0,bf46a7de-43b4-4316-941e-b0ccebb966b8,30f425e3-d137-483e-9e14-069faefde72f,Wife,Husband,true
6f789162-e400-43b7-b55a-12a3496d3f1a,63eb6259-8a63-47a8-87c5-66961e50711a,da2e541f-b6d8-42fd-875e-07b63af2f020,Mother,Daughter,true
6ca7633c-e4d4-48b1-9095-0100c6ba910f,86b178ee-bf66-4e91-b6fa-10b1e245e17e,9fda7707-5547-4d9a-92d7-39b70997bd6c,Mother,Child,true
d1fc96e8-24bf-4dab-b99e-faa8880bbe18,f2099d1b-6a33-4f70-a58c-1a7934c52c9e,dd3b2e6a-0b46-4a8e-a4ab-a7cc02fba54e,Husband,wife,true
ebd49cfd-9bd2-4108-945c-ccbc430d86dd,1f10b871-b9b9-4d14-86f4-319adfcb8676,dd3b2e6a-0b46-4a8e-a4ab-a7cc02fba54e,Son,mother,true
252385b0-3904-4ce7-aead-f0ed99f499e9,9f310021-8079-4163-b4d6-5009f5a3b2bd,605b6747-58f2-4b41-9c63-6cc671c7c1a4,Mother,Son,true
708b38bf-2c85-43be-a746-31d13997be34,e41caeb4-a063-4030-a1a0-c3d40fa7fc03,31bf6abf-d4d9-4d8a-8003-d2d0116ccfab,Husband,Wife,true
08c8a2b9-3491-4050-80b2-f198596b25d6,132b8815-3003-4070-a0cb-31a712482b44,86783b38-1a89-4ddf-a14b-cac40ce81001,Husband,wife,true
99e3c10a-b56a-45be-b144-0d60daa34d96,0e31916e-c5bd-4db5-b796-bb381df867bd,5a7c9e10-2ca3-476a-bd39-6d618bf7c46a,Brother,brother,true
de418f44-13af-4577-9099-cb24de78d191,c07bba5a-91c0-4afd-83ad-4ed187a2ad4f,bd04d153-5aa0-494a-9344-bec52e1b1921,Mother,Daughter,true
48699e9c-2f51-4f31-9c84-7f0fed156f32,6cc5bd9a-6ff7-4c5f-b576-bad9dde70727,00d86b21-f4af-4ac6-bd3a-672be94c2995,Husband,Wife,true
30198f1a-cfc4-42d2-964c-572500d5f599,2974698f-21fe-4ff8-98ae-cbb12f9dc8e6,ab7e253e-ff80-4d55-a806-0fcffe0c2b15,Husband,Wife,true
3e8270be-7e63-4ee1-a2a7-c54445159e98,e586c241-0333-4bf8-a55a-1783bb9db900,c378371e-c8cf-472c-a968-27ebd8b0636a,Father/brother,Mother/sister,true
416707ca-8cd8-436d-a9b1-c24869b72bb1,5f862e98-4036-401e-b6a0-6e4356e06897,d0d50c64-d5aa-4406-927b-388a0ecd368d,Daughter,Mother,true
e4338570-50ba-41f4-8760-50c5f9b285ab,594f6f55-bc6f-44de-9650-c25ac6da9990,8f4405c8-3e70-4dab-8326-b4a7548cf74f,Mother,Son,true
3cd40adb-6102-442d-9bb9-41e1eab3a2d3,a5a77f79-9f48-44e6-b77b-d5d8aefc15cf,f39ac925-9d21-4eff-9671-e36750a717db,Father,Son,true
e885df44-0635-422a-be2f-e3f40b469aee,759dd6c7-2c57-4a7a-a622-af10c5c5ffc9,0f7f2e79-3e0f-4e61-b711-ad3ed067badf,Mother,child,true
48206453-3f55-49b3-b7b0-21edaa257b72,b05ce325-ccb2-42e5-89a2-4512cd4a77e0,ed110baa-4612-4a2a-a7f5-73c1cea61c54,Mother,Child,true
87745f50-78cc-4207-ae36-77ff2d5288f8,f72314f2-9273-46e6-8998-69d5f3a22d80,fa125cca-181a-40b2-955e-469953635309,Father,Son,true
9b232e74-d942-4afd-b8fc-48a79361a940,28be0700-7ae8-4fa6-814c-19d157a0d9ec,c63e4316-90e4-4834-8f23-b32164d9b6ff,family members,family members,true
6823c2bd-f6df-4edd-927f-fa9b2bcf7518,8884016b-65c9-45e7-a333-d0afb2ab743e,8762d227-9649-495c-97fe-69ceef4be0b0,Mother,Daughter,true
0ee3925a-81bd-4715-900f-e3974bb2b54a,f72314f2-9273-46e6-8998-69d5f3a22d80,98fc928a-8394-4bf0-8f10-da54966d0e29,Father,Son,true
2c288f38-b725-4b87-8063-e7de8e3cb6a1,9e5cdb55-8580-4196-8a39-28128a8ac271,de98e940-e980-4969-a57c-f07c6ad63143,Sister,Sister,true
6db1f5c2-e4ca-4043-8113-d328e263a88c,ea3f038c-2227-4b43-b4ca-f22a798ffedc,5484ffd4-6d46-4685-8fcf-a4190b5803bf,Daughter,Mother,true
6147aa88-9fe8-449f-aebc-8d176ae5beb3,913708e2-a0eb-4fad-a59f-b419d895cb8f,49a47347-7084-4357-ba60-b022477c7510,Mother,Daughter,true
dee6f6be-889f-438a-8e2c-20718be83df6,e1fc714a-77fd-48fb-8e65-ebbc783964ae,1c250d7f-74d2-4c82-8451-1d1a9d964d76,slave,former slave owner,true
6c68eda0-a943-4ffe-8d46-7e799b55eacb,cb574ccb-2513-45c5-943f-daeecfd15c3b,eddebe80-0eba-4ac5-af98-33dba9b861b1,Mother,Son,true
9679cf69-600a-4477-8f62-3b0656173baf,cb574ccb-2513-45c5-943f-daeecfd15c3b,10d08e21-269e-41b9-943a-f54e722c39b1,Mother,Daughter,true
7b29874b-4a45-42fc-84d8-23d12245554c,a5b1bd48-661b-46a6-aca8-65dc96568190,db2b7235-b954-4adf-aa4b-084a2ac65040,Husband,Wife,true
9ff2d769-69a8-499e-bbb0-aa48b5a386ed,f70ea80e-68e3-4f2d-9dd5-161d1179df44,1b43e9d3-abeb-43b3-a5eb-a76f68bb85d9,Wife,husband,true
8efe4b6f-bd76-4e64-b1d9-9b0259985687,2b20f7f9-90f2-46ab-a351-659de83528d7,1dfb6b84-39d2-40cf-85b5-0482c9b64173,Mother,Child,true
272b74bb-fef3-4cb3-8add-ea7ac03beb76,cfb6380b-bfa6-4c9d-bf15-007f02f05cc2,f64cf631-6c2c-45ad-b816-117f829db71b,Wife,Husband,true
1e147366-7f25-436c-971a-159a8765e61c,b2a3e1aa-86ff-455a-800c-93799f3c7856,cb574ccb-2513-45c5-943f-daeecfd15c3b,Husband,Wife,true
a68457df-6b6f-42e1-b801-f72676637706,fbadf992-5a77-476e-88e0-647e66ec68cb,eac183ce-0ef9-4c62-8c43-e5309b5e8fbc,Brother,brother,true
3fa7fce3-d33e-461b-94a9-70dade264abf,46108d56-c108-41a9-b4f3-7b12972e29a8,73de062a-0f12-42a7-a2bf-49e1af56c91f,Husband,Wife,true
da2c0f2b-967e-49c5-ae6f-fbd268a069e4,2fdc6947-c7be-481e-a6bd-ee67d56e8a8c,ed7083b3-b3a7-4b87-aa3a-b5b4b353920e,Mother,Son,true
027c5092-2ec8-449e-b1d7-0bfa51f97894,8c831d95-cef2-4fd3-a5ed-b2187aa8b68d,eacb253f-1ca6-48fe-97bd-8ab9ff1a3661,Mother,Son,true
471da4e7-ae65-4e2b-ac6b-1480c2ce8c82,2fdc6947-c7be-481e-a6bd-ee67d56e8a8c,a2f7b37c-e739-4309-bb5e-dd728ceecd5e,Mother,Son,true
3bdbc616-3c5e-4b4b-b890-106e06fc6d4a,aca0569f-a3ed-475b-b29b-5684293ac9e8,21a33a4d-beaf-4f4d-9c54-9a73760485b0,Wife,husband,true
0f7b9ae6-62c5-4f17-bb04-cbfb7bcc79b4,5343dd97-225d-40a6-8803-61a47c1df612,8b0ca23c-0e62-4f0d-91b6-cf9e1f7c898f,Mother,Child,true
bdefafff-5d41-48f7-960b-0fdd92b68a2f,04dc52a0-6cc7-43ff-b518-660bbbbb2bdb,688f1823-835a-4507-8a4b-fcbb2c8e69b3,Mother,Son,true
81999d47-116d-46bf-bdf7-124608359400,7b695852-a9d7-4d45-a50d-0d1e220864df,2fe8ad3d-3797-447e-85b6-f5616e579631,Mother,daughter,true
92f5ffdc-cbfb-481b-8291-f7f0ac76596c,755e1805-1305-4647-bc25-875047acfe06,c1a871ac-0154-4281-8076-2e98fc14ebae,Sister,sister,true
fe8d966b-4b07-4b8d-b498-1159aa607959,18bba634-3e0e-4451-9871-e134f34903fd,70e53e7a-1fe3-4b73-9bf1-7ec2e9a477c9,Wife,husband,true
cbf4b320-f23f-416b-9bb7-7730f74fa680,6e526023-12e2-4233-acb4-8ae0bc8cf04e,edfe3ad1-4d45-4a9c-bab4-9e41f4736cd7,Husband,Wife,true
d2f22947-a262-4b8d-a19e-6f5d50575432,ea892585-c97f-42b1-88c9-d2265a792e4e,94289349-19d7-42d4-b024-97bc54694e45,Daughter,Father,true
62cac121-f415-4b56-b65d-142705996ab0,550c4bc2-22ea-475a-8e4a-356785710638,851b309f-41b7-4dd5-be68-3d140b8aa8fa,Mother,son,true
4f7e268b-97c9-4c7a-888e-0544c54cafed,b91163d9-c893-4da4-8971-2260746130a3,23ee3395-fca3-43fd-a97e-5284995c9b66,Mother,Daughter,true
b0e92850-4992-4b65-87b2-df6bcd4ecd3a,b91163d9-c893-4da4-8971-2260746130a3,37c8ceca-97db-409d-9e3b-2ac5421d8d98,Mother,Son,true
f60a4e7b-9d00-40a8-a3b2-4d0284f96e8f,b91163d9-c893-4da4-8971-2260746130a3,e96206be-3340-4104-b653-052797ae01ed,Mother,Son,true
050cef00-4f0f-4522-98d1-ad1d1d7d8edb,9342612b-91a4-4b7e-8872-d82b5f1c571c,40c98d76-b200-44cb-af48-8905350a8464,Father,Son,true
9cf97140-62c3-4a57-afe6-57852bd8980d,b03c5242-91dc-4335-a828-2d28252d301d,13e9ade1-ea8d-4de6-9bf8-15d99cfdf0ed,Mother,Daughter,true
51f386d5-2370-4f1c-9672-4aca7d353b8b,9ceb5d3e-cb16-4cf9-9a7e-2daf50c50809,1f302076-a5f8-45e5-91e3-7567fb4b016c,Mother,Daughter,true
e5f70f8c-7e58-4c22-b410-daefbd821452,9342612b-91a4-4b7e-8872-d82b5f1c571c,8bc67175-3989-44d2-8109-f48806a4f3f1,Brother,Brother,true
07d0d750-7be4-45a4-bbaf-20053ce05ea6,9342612b-91a4-4b7e-8872-d82b5f1c571c,40fddf60-5f12-43f8-bd99-9cda8c6ab94f,Husband,Wife,true
2237945c-a13f-4372-a0e6-49aff244c62d,c1b4b75e-1a9d-44ed-8e8f-181d52f8f6ac,0aeb8c2a-0d4b-4c98-88a7-4669227f36f6,Mother,Daughter,true
6f10b6f8-8fa4-4f31-aba3-6824ad95fbe0,c1b4b75e-1a9d-44ed-8e8f-181d52f8f6ac,ec493aed-22cd-471e-9327-af9105ceed69,Mother,Daughter,true
a11591b7-8ba2-47a5-a2dd-8e55bd14a84b,80ab7a43-8d53-4f1b-b21d-33b4fe3567c1,edad410c-3ab4-4f61-aa71-3c9312a1363b,Mother,daughter,true
2e4ba931-0362-4248-b80f-e4e56ee870eb,4ce5ca2b-45ca-404c-bb47-9bc0b41946e1,0b1e74bd-55be-4c1e-bc2a-68457fec86ea,Brother,brother,true
a946c764-c0a1-4dad-b8b6-a7529c649f0d,c1b4b75e-1a9d-44ed-8e8f-181d52f8f6ac,ed882532-17fd-440c-8328-6cd9ec1be05c,Mother,Son,true
1b3f5746-a62f-4ef7-91c4-0f9e05d60c53,44aef34b-e80f-4d4f-83b5-e8c9d35020a1,26c912c2-3bff-4f18-a89d-d60aab8febbd,Son,Mother,true
9fd90445-d208-4a47-b851-d4bdf0a2d6f9,5db5a488-be43-4df7-8828-96098e843478,e96206be-3340-4104-b653-052797ae01ed,Father,Son,true
a6674fe6-5161-4500-82ff-bfd6847e8512,5db5a488-be43-4df7-8828-96098e843478,37c8ceca-97db-409d-9e3b-2ac5421d8d98,Father,Son,true
e2fefe5f-d7f5-418e-8985-7ec73106f176,5db5a488-be43-4df7-8828-96098e843478,23ee3395-fca3-43fd-a97e-5284995c9b66,Father,Daughter,true
60caab9e-412a-4f8d-a721-e455ea091a19,5db5a488-be43-4df7-8828-96098e843478,b91163d9-c893-4da4-8971-2260746130a3,Husband,Wife,true
ae6cda09-fdc2-4556-b746-64b5a1fafc9e,9208a517-f250-4236-b0f9-564ca82c8644,9371c28b-a45f-4888-ade5-2c53ae5f9231,Brother,brother,true
e614316c-c5ca-41f7-b1be-85dbecfd11bf,923c2639-a5c4-4cb1-b93d-d71a63930c13,a1843d30-7df9-4157-9af6-817f88a178e1,Husband,wife,true
10bce121-b6f3-401c-aafe-82c6aa415821,3e9405ab-250f-454b-8c31-cf02c322873c,abce5254-4d87-4889-8920-73d1f310923a,Wife,Husband,true
b56aa078-78e9-4377-a18c-127251c1b7cf,46516e54-8770-44cf-9c2d-ca20469e2315,85026a77-1afd-4319-943a-fdd145acb64b,Wife,husband,true
1117290f-ed80-46d0-8c44-084b1ecd780d,047b65b7-8d9d-45af-b04f-d12d3a3bc342,1c7b3f69-1186-4fa9-a0fa-399a571a0ac6,Family Member,Family Member,true
9a5b65e5-0dda-4ed5-8016-876f212e4885,71026e19-2062-4d2f-b84f-131dde515ccd,185bf627-763b-44f2-a901-92885e2beace,Husband,Wife,true
a699a467-b2f7-4a7c-a688-c784a0ecdfe6,cc0bfca0-c9a7-45c8-9e26-2fcad5f2b866,906acb27-3c50-4fc7-af3a-7403efdeaf8c,Brother,Brother,true
93b9d446-30b8-4867-bd10-0060a29d195b,a78799f0-4dca-4d14-b672-a655e07b93d2,163ab75b-b349-4295-9bb8-68f3cc2568de,Husband,wife,true
dc9e43ae-04de-490d-a7b8-917e59181c11,3a4d1711-9bc4-46a1-a38e-a4ab89e53f00,3649f445-33c0-4c6f-90f2-ba223cea08a3,Brother,brother,true
dfc73883-577b-49b9-a9a5-1b2ac49ce855,21b0f239-6164-43f0-9605-9434280baa96,3a4d1711-9bc4-46a1-a38e-a4ab89e53f00,Brother,brother,true
3e0e52a5-06e2-437b-aa8e-4a265dd1063f,cab95b33-e43a-4e96-8108-f12544215230,b72b80cb-06f6-4c7a-9832-1f42210174f2,Wife,Husband,true
04fa4edd-815d-458d-9bb5-1a64727bbd61,1acb1090-feb1-452d-a309-31f3680d0683,c378371e-c8cf-472c-a968-27ebd8b0636a,Mother/sister,Mother/sister,true
21efca72-1eed-4484-83c3-5dadb6c5bd3f,b754aeec-1c70-4c57-861b-c0957a04a728,ec531452-f3bb-4181-87bf-4e6a9e9f3b60,Father,Daughter,true
c20a90b0-f112-4fe5-ab0c-8a2b5e8f10e1,3f0d2b6f-93dd-4613-a4dd-6b31cc0cd2e5,ec531452-f3bb-4181-87bf-4e6a9e9f3b60,Mother,Daughter,true
e5b79e4a-be24-4624-b7e8-dbc5cc67f2f1,3f0d2b6f-93dd-4613-a4dd-6b31cc0cd2e5,b5f415a5-2f8e-4158-b2db-817e38fa7ffc,Mother,Daughter,true
8355111c-3641-4b21-bd1f-4c8abc5d2d69,d0eaa6c8-5511-4197-a3d4-beb3d60b4232,d78c2755-08f8-4a67-846b-874f2b45451f,Father,Son,true
41808eb6-bb39-410a-bd78-3d74055b3a38,3e82b4cb-f122-4132-ac35-b7e60c9b2a72,09fbfd39-0573-4c44-977a-336d588c37d0,Wife,Husband,true
d2d19df2-893d-4963-adc2-ec492434f5c1,6f86d022-3d3e-47ef-b18d-1a83864598fc,0cfdf4a0-7736-4f5f-ba54-537fc503ac19,Brother,Brother,true
323a552c-d97c-4535-9f63-fc536ab38330,48064245-de1f-4cf0-81de-6e346fd5d0f3,816a3f35-dfaf-4cd0-9835-338d36b760b3,Sibling,Sibling,true
f2cdf5a3-d9d9-4491-85fe-1749646db491,da2cc3b1-bc86-457a-9676-144bcf4b6649,4fc99c3e-25c7-4966-9095-9654faca47ac,Brother,brother,true
4da45ae0-e7f7-4c14-9785-8cf41fc61883,2c9b497c-770a-4398-8956-52a3775f1289,3e20d435-7c5a-4c9f-9a3c-149c03118dec,Husband,Wife,true
b57ce39f-235e-4b39-895c-392e316947c0,3b8ec255-1084-4ea8-9c74-9f022f55ccb4,d1ad418f-c26f-4483-8254-5c5b1cfab6da,Mother,Child,true
881d94b6-914e-4882-8861-7a6bbf54d2cb,fac2a84a-2017-41b7-9c95-ff78698b6b30,3ff387c0-6b76-45d6-aaf3-9f62fd950ceb,Family,family,true
aa9947fc-4652-4c87-9572-600cc3898646,e0554115-0bd2-480d-adae-7616cb452953,68b24bd8-98a7-4361-9190-d05cf57c91de,Mother,Daughter,true
a84899df-98fe-4689-8534-2b7cfcbd6843,a13819e6-c4e3-443f-b1c9-e770f9955874,149e6a62-584e-481d-bd58-a39cef873600,Son,Mother,true
f79901f7-d724-4718-971a-76e976f928b9,a2ad214c-a4b7-44a4-a396-a0704d9d4730,149e6a62-584e-481d-bd58-a39cef873600,Husband,Wife,true
9fcd4e33-a149-4fa9-aa66-d7097be3bc19,a13819e6-c4e3-443f-b1c9-e770f9955874,a2ad214c-a4b7-44a4-a396-a0704d9d4730,Son,Father,true
0cafed15-cd78-41b3-8e26-f7113fb0dd20,d0eb7773-40e9-49b8-97bf-6c06f586653c,a13819e6-c4e3-443f-b1c9-e770f9955874,Sister,Brother,true
e04d75ef-56ef-4038-916e-8d9446d124f0,d0eb7773-40e9-49b8-97bf-6c06f586653c,149e6a62-584e-481d-bd58-a39cef873600,Daughter,Mother,true
17669de3-b6e3-46c1-994c-fc6f9ff8253e,d0eb7773-40e9-49b8-97bf-6c06f586653c,a2ad214c-a4b7-44a4-a396-a0704d9d4730,Daughter,Father,true
771c5140-95fa-4edc-b5fc-7e7feff4afa3,5c586d5b-a2b7-4ecb-afd9-2c7c6930d4ba,3c160ae3-4561-4461-b621-72b2da09549e,Daughter,Mother,true
11a75f3b-d826-4b4d-bbf7-88993b68015c,5c586d5b-a2b7-4ecb-afd9-2c7c6930d4ba,488be61b-65de-4bb1-ba46-27b61133a4fe,Sister,Brother,true
e2654388-98c7-4fd6-b396-9f520e1bd84e,488be61b-65de-4bb1-ba46-27b61133a4fe,3c160ae3-4561-4461-b621-72b2da09549e,Son,Mother,true
